"filename","url","tags","assetType","format","moderationStatus","publicId","assetId","displayName","deliveryType","createdAt"
"topic-earth-logo-kit_cilv3y.html","https://res.cloudinary.com/dsbfcgtdv/raw/upload/v1779339964/topic-earth-logo-kit_cilv3y.html","baner animated,header animated,smdeltart.com,sujet.terre,topic.earth,vignette animated","raw","","","topic-earth-logo-kit_cilv3y.html","e0854cf11898823db582ea4e566c615d","topic-earth-logo-kit_cilv3y.html","upload","2026-05-21T05:06:04Z"
"sujet-terre-vignette-animated_mpssqa","https://res.cloudinary.com/dsbfcgtdv/image/upload/v1779339920/sujet-terre-vignette-animated_mpssqa.gif","baner animated,header animated,smdeltart.com,sujet.terre,topic.earth,vignette animated","image","gif","","sujet-terre-vignette-animated_mpssqa","44404c1a1e90606e17a57d6cb73af0ef","sujet-terre-vignette-animated_mpssqa","upload","2026-05-21T05:05:20Z"
"topic-earth-header-app-transparent_jnkru2","https://res.cloudinary.com/dsbfcgtdv/image/upload/v1779339961/topic-earth-header-app-transparent_jnkru2.png","baner animated,header animated,smdeltart.com,sujet.terre,topic.earth,vignette animated","image","png","","topic-earth-header-app-transparent_jnkru2","07793740aae7bb35ce9d328bf1a36aaf","topic-earth-header-app-transparent_jnkru2","upload","2026-05-21T05:06:01Z"
"topic-earth-header-app-space-black-animated_tabnuv","https://res.cloudinary.com/dsbfcgtdv/image/upload/v1779339961/topic-earth-header-app-space-black-animated_tabnuv.svg","baner animated,header animated,smdeltart.com,sujet.terre,topic.earth,vignette animated","image","svg","","topic-earth-header-app-space-black-animated_tabnuv","7605cb4a14a1eaea3e35c3f96d461311","topic-earth-header-app-space-black-animated_tabnuv","upload","2026-05-21T05:06:01Z"
"topic-earth-header-app-space-black-animated_jd2aoe","https://res.cloudinary.com/dsbfcgtdv/image/upload/v1779339957/topic-earth-header-app-space-black-animated_jd2aoe.png","baner animated,header animated,smdeltart.com,sujet.terre,topic.earth,vignette animated","image","png","","topic-earth-header-app-space-black-animated_jd2aoe","6333f2e8027eb3a47a6c2a728c310179","topic-earth-header-app-space-black-animated_jd2aoe","upload","2026-05-21T05:05:57Z"
"topic-earth-header-app-space-animated-check_e4nm2q","https://res.cloudinary.com/dsbfcgtdv/image/upload/v1779339955/topic-earth-header-app-space-animated-check_e4nm2q.png","baner animated,header animated,smdeltart.com,sujet.terre,topic.earth,vignette animated","image","png","","topic-earth-header-app-space-animated-check_e4nm2q","8a31cd4c3f19ad1ff734288c2175a67c","topic-earth-header-app-space-animated-check_e4nm2q","upload","2026-05-21T05:05:55Z"
"topic-earth-header-app-space-animated_hkrjwo","https://res.cloudinary.com/dsbfcgtdv/image/upload/v1779339954/topic-earth-header-app-space-animated_hkrjwo.svg","baner animated,header animated,smdeltart.com,sujet.terre,topic.earth,vignette animated","image","svg","","topic-earth-header-app-space-animated_hkrjwo","a06dcbd41520fcbd7e32b5f2ac62af84","topic-earth-header-app-space-animated_hkrjwo","upload","2026-05-21T05:05:54Z"
"topic-earth-header-app-space-animated_f79jbw","https://res.cloudinary.com/dsbfcgtdv/image/upload/v1779339951/topic-earth-header-app-space-animated_f79jbw.png","baner animated,header animated,smdeltart.com,sujet.terre,topic.earth,vignette animated","image","png","","topic-earth-header-app-space-animated_f79jbw","78e38269118b5824075c021e639110e8","topic-earth-header-app-space-animated_f79jbw","upload","2026-05-21T05:05:51Z"
"topic-earth-header-app-regional-black-animated_imboi7","https://res.cloudinary.com/dsbfcgtdv/image/upload/v1779339950/topic-earth-header-app-regional-black-animated_imboi7.svg","baner animated,header animated,smdeltart.com,sujet.terre,topic.earth,vignette animated","image","svg","","topic-earth-header-app-regional-black-animated_imboi7","2445ee3aeb78b2640d5beebf293e69b3","topic-earth-header-app-regional-black-animated_imboi7","upload","2026-05-21T05:05:50Z"
"topic-earth-header-app-regional-black-animated_k8kaw1","https://res.cloudinary.com/dsbfcgtdv/image/upload/v1779339947/topic-earth-header-app-regional-black-animated_k8kaw1.png","baner animated,header animated,smdeltart.com,sujet.terre,topic.earth,vignette animated","image","png","","topic-earth-header-app-regional-black-animated_k8kaw1","f10bd9a64be18938cd9b43d487cc6c4d","topic-earth-header-app-regional-black-animated_k8kaw1","upload","2026-05-21T05:05:47Z"
"topic-earth-header-app-regional-animated-check_ozsjnf","https://res.cloudinary.com/dsbfcgtdv/image/upload/v1779339945/topic-earth-header-app-regional-animated-check_ozsjnf.png","baner animated,header animated,smdeltart.com,sujet.terre,topic.earth,vignette animated","image","png","","topic-earth-header-app-regional-animated-check_ozsjnf","f7207de8223893ee4a084cf9dae2d9dc","topic-earth-header-app-regional-animated-check_ozsjnf","upload","2026-05-21T05:05:45Z"
"topic-earth-header-app-regional-animated_pprsgy","https://res.cloudinary.com/dsbfcgtdv/image/upload/v1779339944/topic-earth-header-app-regional-animated_pprsgy.svg","baner animated,header animated,smdeltart.com,sujet.terre,topic.earth,vignette animated","image","svg","","topic-earth-header-app-regional-animated_pprsgy","c9ff0983cd5144dbfd7a917510e4662e","topic-earth-header-app-regional-animated_pprsgy","upload","2026-05-21T05:05:44Z"
"topic-earth-header-app-regional-animated_vfbrk1","https://res.cloudinary.com/dsbfcgtdv/image/upload/v1779339941/topic-earth-header-app-regional-animated_vfbrk1.png","baner animated,header animated,smdeltart.com,sujet.terre,topic.earth,vignette animated","image","png","","topic-earth-header-app-regional-animated_vfbrk1","aa6e037b15a3adc8147747876e03ae48","topic-earth-header-app-regional-animated_vfbrk1","upload","2026-05-21T05:05:41Z"
"topic-earth-header-app-fever-black-animated-check_xozyfb","https://res.cloudinary.com/dsbfcgtdv/image/upload/v1779339939/topic-earth-header-app-fever-black-animated-check_xozyfb.png","baner animated,header animated,smdeltart.com,sujet.terre,topic.earth,vignette animated","image","png","","topic-earth-header-app-fever-black-animated-check_xozyfb","e71316c78fcb957c5dc516db6d481b16","topic-earth-header-app-fever-black-animated-check_xozyfb","upload","2026-05-21T05:05:39Z"
"topic-earth-header-app-fever-black-animated_xvy7tk","https://res.cloudinary.com/dsbfcgtdv/image/upload/v1779339938/topic-earth-header-app-fever-black-animated_xvy7tk.svg","baner animated,header animated,smdeltart.com,sujet.terre,topic.earth,vignette animated","image","svg","","topic-earth-header-app-fever-black-animated_xvy7tk","ab1437f9e192f5f1d7b632c505cee1ec","topic-earth-header-app-fever-black-animated_xvy7tk","upload","2026-05-21T05:05:38Z"
"topic-earth-header-app-fever-black-animated_jmen7m","https://res.cloudinary.com/dsbfcgtdv/image/upload/v1779339935/topic-earth-header-app-fever-black-animated_jmen7m.png","baner animated,header animated,smdeltart.com,sujet.terre,topic.earth,vignette animated","image","png","","topic-earth-header-app-fever-black-animated_jmen7m","55ae504096becf206283f7528b5a8006","topic-earth-header-app-fever-black-animated_jmen7m","upload","2026-05-21T05:05:35Z"
"topic-earth-header-app-fever-animated-check_rqizie","https://res.cloudinary.com/dsbfcgtdv/image/upload/v1779339933/topic-earth-header-app-fever-animated-check_rqizie.png","baner animated,header animated,smdeltart.com,sujet.terre,topic.earth,vignette animated","image","png","","topic-earth-header-app-fever-animated-check_rqizie","e489dcb840179e79863c9394ddbb763f","topic-earth-header-app-fever-animated-check_rqizie","upload","2026-05-21T05:05:33Z"
"topic-earth-header-app-fever-animated_i5par7","https://res.cloudinary.com/dsbfcgtdv/image/upload/v1779339933/topic-earth-header-app-fever-animated_i5par7.svg","baner animated,header animated,smdeltart.com,sujet.terre,topic.earth,vignette animated","image","svg","","topic-earth-header-app-fever-animated_i5par7","1765261f0bb7bb9fb0af07c8044566a5","topic-earth-header-app-fever-animated_i5par7","upload","2026-05-21T05:05:33Z"
"topic-earth-header-app-fever-animated_xocs8o","https://res.cloudinary.com/dsbfcgtdv/image/upload/v1779339929/topic-earth-header-app-fever-animated_xocs8o.png","baner animated,header animated,smdeltart.com,sujet.terre,topic.earth,vignette animated","image","png","","topic-earth-header-app-fever-animated_xocs8o","911a7b12827bc2e4e913f240277251ad","topic-earth-header-app-fever-animated_xocs8o","upload","2026-05-21T05:05:29Z"
"topic-earth-header-app-black-animated_pwpyif","https://res.cloudinary.com/dsbfcgtdv/image/upload/v1779339929/topic-earth-header-app-black-animated_pwpyif.svg","baner animated,header animated,smdeltart.com,sujet.terre,topic.earth,vignette animated","image","svg","","topic-earth-header-app-black-animated_pwpyif","9b3bee8c9ce30299881b3a0272f8416f","topic-earth-header-app-black-animated_pwpyif","upload","2026-05-21T05:05:29Z"
"topic-earth-header-app-black-animated_favryq","https://res.cloudinary.com/dsbfcgtdv/image/upload/v1779339926/topic-earth-header-app-black-animated_favryq.png","baner animated,header animated,smdeltart.com,sujet.terre,topic.earth,vignette animated","image","png","","topic-earth-header-app-black-animated_favryq","918f71ca2d8a6b76b87fea76705f086d","topic-earth-header-app-black-animated_favryq","upload","2026-05-21T05:05:26Z"
"topic.earth_64x64_zhcrem","https://res.cloudinary.com/dsbfcgtdv/image/upload/v1779339925/topic.earth_64x64_zhcrem.svg","baner animated,header animated,smdeltart.com,sujet.terre,topic.earth,vignette animated","image","svg","","topic.earth_64x64_zhcrem","18c8676d9698a6244c824906141b16fe","topic.earth_64x64_zhcrem","upload","2026-05-21T05:05:25Z"
"topic-earth-header-app-animated-_be8bt4","https://res.cloudinary.com/dsbfcgtdv/image/upload/v1779339925/topic-earth-header-app-animated-_be8bt4.gif","baner animated,header animated,smdeltart.com,sujet.terre,topic.earth,vignette animated","image","gif","","topic-earth-header-app-animated-_be8bt4","3a1cc10f6690832b0e5e2451711c5a5c","topic-earth-header-app-animated-_be8bt4","upload","2026-05-21T05:05:25Z"
"topic-earth-header-app-animated-check_k05ozb","https://res.cloudinary.com/dsbfcgtdv/image/upload/v1779339924/topic-earth-header-app-animated-check_k05ozb.png","baner animated,header animated,smdeltart.com,sujet.terre,topic.earth,vignette animated","image","png","","topic-earth-header-app-animated-check_k05ozb","99c754c44f42fd72cfb40ab85c9013da","topic-earth-header-app-animated-check_k05ozb","upload","2026-05-21T05:05:24Z"
"topic-earth-header-app-animated_dacsbk","https://res.cloudinary.com/dsbfcgtdv/image/upload/v1779339924/topic-earth-header-app-animated_dacsbk.svg","baner animated,header animated,smdeltart.com,sujet.terre,topic.earth,vignette animated","image","svg","","topic-earth-header-app-animated_dacsbk","e8f671532ac0640fb6eabf93a49ac114","topic-earth-header-app-animated_dacsbk","upload","2026-05-21T05:05:24Z"
"topic-earth-header-app-animated_huzh3s","https://res.cloudinary.com/dsbfcgtdv/image/upload/v1779339921/topic-earth-header-app-animated_huzh3s.png","baner animated,header animated,smdeltart.com,sujet.terre,topic.earth,vignette animated","image","png","","topic-earth-header-app-animated_huzh3s","b000a746a02b786e96116c48553688bf","topic-earth-header-app-animated_huzh3s","upload","2026-05-21T05:05:21Z"
"metadata_s5othr.json","https://res.cloudinary.com/dsbfcgtdv/raw/upload/v1779339913/metadata_s5othr.json","baner animated,header animated,smdeltart.com,sujet.terre,topic.earth,vignette animated","raw","","","metadata_s5othr.json","8f8cc02cca26c3bf6424762f1ff38b90","metadata_s5othr.json","upload","2026-05-21T05:05:13Z"
"README_i3lbju.md","https://res.cloudinary.com/dsbfcgtdv/raw/upload/v1779339914/README_i3lbju.md","baner animated,header animated,smdeltart.com,sujet.terre,topic.earth,vignette animated","raw","","","README_i3lbju.md","265c2b9eaf1a7748e9160a6caff6abb8","README_i3lbju.md","upload","2026-05-21T05:05:14Z"